P09606	10116
Q9S851	3702
O00321	9606
Q55FB8	44689
Q9SXZ2	3702
P22061	9606
E7CAU3	34649
P76562	83333
I7C6E8	4054
Q4G0M1	9606
O80474	3702
P25932	7227
Q27324	7227
O59763	284812
P35329	10090
Q7K1U0	7227
P33272	10116
P22748	9606
O82560	3847
Q14721	9606
P36523	559292
P9WFK3	83332
Q8WWZ8	9606
Q9QYW0	10116
A8T6P4	7955
Q9H7X3	9606
Q6VAK4	39947
Q9FFK8	3702
C0HKC7	3735
P05976	9606
I1C083	246409
P87311	284812
Q18803	6239
O35240	10116
Q16633	9606
Q9TY84	5656
Q803L0	7955
Q9CA46	3702
Q09517	6239
Q96QA6	9606
Q17370	6239
Q9FLL0	3702
Q21263	6239
A0A509AHB6	5823
Q9T071	3702
P12829	9606
Q9JHG1	10090
Q2G1N1	93061
P15105	10090
P93017	3702
Q9LX82	3702
Q6PAW2	8355
O94493	284812
Q9WTK8	10090
Q6UWF7	9606
Q3TY65	10090
Q96NT0	9606
Q9VI58	7227
O00767	9606
Q54LV1	44689
Q56WN1	3702
Q99598	9606
P61213	10090
Q9FV70	3702
G5EBV0	6239
Q9FVS1	3702
Q9VLU0	7227
Q9JLM8	10090
Q9Y216	9606
Q7T2G1	7955
P53829	559292
Q96NB3	9606
Q9EQB9	10090
P06581	6239
Q80TS7	10090
P13638	10116
Q9H6P5	9606
P51422	3702
Q9NXL6	9606
A2RT67	10090
P93311	3702
P0CT32	44689
P27089	9031
A0A4Y6HUD7	5322
P53060	559292
P9WFR5	83332
P53202	559292
Q8LQ68	39947
P11076	559292
P56672	7227
Q9Y2D8	9606
Q8SQG9	9986
O04036	3702
Q8IYX0	9606
P9WFK5	83332
F1Q506	7955
Q8CHJ0	10029
Q8NJJ1	5061
Q8C633	10090
Q9P055	9606
Q47537	83333
Q8S9L0	3702
Q2M1P5	9606
Q5T4S7	9606
P70180	10090
Q9WTX6	10090
P0DJD8	9606
Q5HY98	9606
Q9NSD7	9606
Q06179	559292
P75960	83333
Q9D0C1	10090
F1QQI2	7955
Q8GY25	3702
P9WN11	83332
Q8R238	10090
P40468	559292
Q9DG80	7998
Q24472	7227
Q9FIX0	3702
Q38861	3702
O95427	9606
O94580	284812
P25380	559292
Q8VI64	10090
Q90487	7955
Q21415	6239
P0C870	9606
Q9NVE4	9606
Q03776	559292
Q12816	9606
Q7ZW57	8355
O15394	9606
A0A0K8RG61	34613
A0A125SXN1	3252
Q8I6U4	36329
Q53KK6	39947
Q9C9V9	3702
Q8VD04	10090
Q8VXG7	4577
Q9XI19	3702
A7S5D9	45351
O04603	3702
Q9UM54	9606
Q93YP9	3702
Q9FYE5	3702
Q9HDU4	284812
Q9T045	3702
Q9CQF9	10090
Q99MS0	10116
P08476	9606
Q9Y0A7	7227
Q9FLL1	3702
Q13939	9606
P24021	510516
Q5APG6	237561
Q8VZ55	3702
P23944	10116
P62331	10090
Q3YBM2	9606
O94364	284812
Q9PTP2	8355
Q8K1B8	10090
A0A087X1C5	9606
Q6ZWT7	9606
Q96PU4	9606
Q06142	559292
O45379	6239
Q9NDH7	6239
Q8VEC3	10090
O43557	9606
P9WGU5	83332
P43075	237561
Q9BXY8	9606
Q7RTS1	9606
Q13261	9606
Q60778	10090
P0C8J8	83333
P86146	529024
Q91V16	10090
Q9ZSK4	3702
O13606	284812
Q6UW68	9606
Q86SK9	9606
Q96AT1	9606
Q10336	284812
Q9P7R5	284812
P81067	10090
O74563	284812
Q12212	559292
Q9M0Y5	3702
P75898	83333
Q8WXH6	9606
Q9C5C5	3702
P80357	208964
G5EC36	6239
O95455	9606
G5EGP8	6239
P51885	10090
Q8BXT1	10090
Q9VC57	7227
P01135	9606
Q4W815	8355
Q9JLT6	10116
Q60843	10090
Q8IKI3	36329
P83578	8395
Q1MTN7	284812
D8WUA4	3702
A0A090XA85	34613
P97452	10090
Q9LJG3	3702
Q9XIM0	3702
Q54SH8	44689
P14231	10090
Q9H9Z2	9606
Q9Y2E5	9606
F4KFB3	3702
P9WJN3	83332
Q9SKI4	3702
Q13562	9606
P46559	6239
F6TQD1	10090
A0A1D8PJA8	237561
Q14953	9606
Q9V751	7227
P21958	10090
Q53GT1	9606
Q15928	9606
Q9D9C7	10090
P31064	83333
Q9BWV3	9606
P47112	559292
Q27IK7	3702
P43632	9606
Q9LEZ4	3702
O15033	9606
A3KMU5	8355
O70239	10116
Q58DQ5	9913
Q10078	284812
P82669	9913
P40935	10090
Q9BT22	9606
P25103	9606
Q9P7M0	284812
P55058	9606
P13596	10116
Q6P6S3	10116
Q5T0W9	9606
P10767	9606
P38770	559292
Q9JJ19	10116
Q8S9K8	3702
P41979	4577
Q9P7J1	284812
Q67XZ3	3702
Q53S08	9606
Q54W52	44689
P53130	559292
Q9NXR1	9606
Q16515	9606
Q6EBC2	9606
Q925H0	10090
P0C438	4530
B0UZC8	7955
Q15843	9606
P9WN43	83332
Q86TJ5	9606
Q9ES39	10116
D2CSU4	4102
P14318	7227
Q9BZM5	9606
A8MS41	3702
P9WI97	83332
Q43127	3702
Q93VQ9	3702
O01949	7159
A6NIH7	9606
Q9CAE4	3702
P9WGP3	83332
O09105	10090
F4JTN2	3702
Q06644	559292
P14004	6956
Q12918	9606
Q8NDT2	9606
P13284	9606
A0A0B4J1G0	10090
Q01594	4682
P36543	9606
Q7ZZY3	8355
Q7ZUS4	7955
O75865	9606
Q9USM1	284812
P0DPQ9	7955
P97943	10116
Q9Z0M6	10090
O70250	10090
Q62280	10090
Q9LNV3	3702
Q8LPQ6	3702
O15498	9606
Q8LCL3	3702
P16528	83333
Q61183	10090
Q6VY05	10090
B0F2B4	10090
Q566Y8	7955
Q8NFJ9	9606
Q15631	9606
Q3ZC04	9913
P26281	83333
Q6P179	9606
Q5SXI5	10090
Q9Z2V5	10090
Q3E841	559292
P05814	9606
P46864	3702
Q2KIS7	9913
Q92109	8022
Q9VV73	7227
P50112	559292
P14753	10090
Q95YF3	6239
P97411	10090
Q12310	559292
Q59QC2	237561
Q9BV68	9606
Q8RXK2	3702
Q9Y6W5	9606
Q61474	10090
Q9LQX5	3702
Q9XZL8	7227
Q10271	284812
P0A8X0	83333
C4ZUT0	595496
Q0WNP7	3702
Q7JV70	7227
D2K6F1	3055
O74304	284812
P19225	10116
Q9SFE9	3702
Q8RXK6	3702
Q9US28	284812
Q9CQ79	10090
Q9ULP0	9606
O00451	9606
Q9NNX1	9606
Q6XPS3	9606
Q9LU15	3702
Q8K0V4	10090
Q38PU3	9541
Q9VYS4	7227
Q8BH43	10090
P42203	10116
P08637	9606
Q9LZE5	3702
P17123	559292
P9WMN3	83332
P45592	10116
Q8K3I4	10090
P34299	6239
P15278	7227
P41810	559292
Q9SFU6	3702
P33287	367110
Q3TEL6	10090
Q96M94	9606
P55317	9606
Q9LMJ7	3702
Q8R5K2	10090
Q8IUB2	9606
Q9HCQ7	9606
Q9LVI8	3702
P21911	284812
O70433	10090
Q78WZ7	10090
P55103	9606
O77081	6239
Q8VD00	10090
P10384	83333
Q86T90	9606
Q14943	9606
Q6GYQ0	9606
P75933	83333
Q96NL6	9606
Q07307	227321
P22136	559292
Q9D1N9	10090
P0ADN2	83333
P76213	83333
Q9NZM5	9606
O60097	284812
Q8C5D8	10090
Q96Q91	9606
Q9CX62	10090
Q9GZQ3	9606
Q9QXF7	10116
Q9KJN3	93061
Q5M9P8	7955
Q96NG8	9606
Q6QAJ8	9606
O89104	10090
P21810	9606
P41318	559292
Q9DC40	10090
Q3ZBR7	9913
P83579	8395
Q09744	284812
Q6RG02	71412
Q14108	9606
Q9STX0	3702
P27254	83333
P24588	9606
F4IV66	3702
P76145	83333
Q8L8A6	3702
Q8VHH8	10090
F1SZ44	39947
Q5BI31	7227
O94856	9606
P46582	6239
Q9UBN7	9606
P31677	83333
Q9Z2K5	10116
Q2WG80	7955
Q9H503	9606
Q53R41	9606
Q6NWG0	7955
Q5A044	237561
Q02771	559292
P9WQG9	83332
Q9FIC3	3702
Q9FL26	3702
P43124	559292
P23819	10090
P54246	6239
Q7XP65	39947
Q0ZUP1	10090
P28902	10116
O74648	284812
Q09737	284812
B4UN32	284593
P0AGA2	83333
Q1MTM9	284812
Q923Q2	10090
O54714	10090
P41980	4577
P9WGF3	83332
O94275	284812
Q8IYB8	9606
Q99MZ7	10090
Q9BUR5	9606
D3YXK2	10090
Q90ZB6	8355
Q68DI1	9606
Q39228	3702
P60002	9606
P0AAM3	83333
P22466	9606
Q54UC0	44689
P10158	10116
P22211	559292
Q8H129	3702
Q12018	559292
Q9LD18	3702
G5EEV9	6239
Q8TC59	9606
Q9NA26	6239
Q7Z5L9	9606
P26993	208964
Q5RH95	7955
Q94FY7	3702
P38244	559292
Q96FT7	9606
Q6R891	10090
Q8MSS1	7227
Q06437	10116
Q53TS8	9606
F8WQD0	588669
P97779	10116
Q9P7E7	284812
P92959	3702
Q9SX79	3702
Q64680	10116
Q9BZQ6	9606
Q63054	10116
Q8N729	9606
Q54K50	44689
O43439	9606
Q91V57	10090
P0AEM9	83333
P19804	10116
E9QG68	7955
Q9BT56	9606
Q8BXL7	10090
Q9P273	9606
Q9FZG4	3702
F4I6G4	3702
Q9Y884	284812
Q9UTS5	284812
Q8VZU9	3702
Q5AZ32	227321
P83434	3916
Q86B79	7227
P75694	83333
P53618	9606
Q8N4G2	9606
Q63945	10116
P48360	559292
Q9C613	3702
Q6NZI2	9606
Q9GZZ1	9606
W5EP13	4565
P70060	8355
O09108	10090
P42858	9606
Q9P291	9606
Q09696	284812
Q21776	6239
Q9M2P8	3702
Q0WPT7	3702
P56174	6239
O94826	9606
P40617	9606
Q9D1C8	10090
P49029	6239
Q8IWY8	9606
Q9M4A2	3702
Q9LQU2	3702
Q9UBU3	9606
P86363	141467
P97526	10116
Q75N62	10090
Q9H3K6	9606
Q8WTV1	9606
Q9C0D5	9606
A0A0S2II38	228393
O95857	9606
P9WK93	83332
Q9Z2A7	10090
Q8VYF7	3702
P59041	10090
P86681	279730
P18160	44689
Q81HT3	226900
A9QNE7	4081
Q9P2Y5	9606
P14894	3824
D7PHZ8	36650
P32333	559292
O94394	284812
Q6PGB6	10090
Q7TPV4	10090
Q5K6N0	10090
P28563	10090
Q9Y2N7	9606
P86933	5702
Q9CQM0	10090
O00287	9606
Q9LR29	3702
P0A7V0	83333
Q4V7C6	10116
Q3E7B7	559292
O23171	3702
Q7Z404	9606
Q92088	8022
Q9I8P3	7955
P27830	83333
P18614	10116
P49798	9606
O14280	284812
P12790	10090
Q8CEE0	10090
P34243	559292
Q9GYF0	6239
Q9SYN1	3702
O94213	870730
P9WL77	83332
Q8K004	10090
P45884	7227
P05179	10116
P17098	9606
Q05095	10116
P93050	3702
B3STP1	578461
Q8BGV5	10090
Q92376	284812
Q8N697	9606
O95393	9606
Q9Y3B7	9606
Q96EP5	9606
Q94BP0	3702
Q9DAR0	10090
Q6ZNC8	9606
A0PK84	10090
Q96PS8	9606
Q5I2B2	124763
F4JF21	3702
P0DMN0	9606
Q9H7T3	9606
Q2FWC5	93061
Q80U40	10090
P49135	10090
Q5VWZ2	9606
P10040	7227
P0AEH1	83333
P46883	83333
Q9VNS0	7227
P34616	6239
Q6ZFH6	39947
Q91YU6	10090
Q80UQ2	10090
P38169	559292
P38804	559292
Q38870	3702
Q99222	559292
Q969W8	9606
Q08874	10090
P55862	8355
Q15884	9606
Q8QZT4	10090
Q03455	559292
Q7YSI9	6239
Q8BGE9	10090
Q8RWL5	3702
C0HKF3	7137
Q94AZ2	3702
P43115	9606
Q99JB4	10090
Q06849	7227
Q9QYW1	10116
Q9P7W8	284812
Q8IY95	9606
P38286	559292
Q61830	10090
O88441	10090
P46695	9606
Q7Z7B8	9606
P19492	10116
O94900	9606
P49368	9606
P87153	284812
Q8I8U6	6238
Q9ZUN8	3702
P21771	559292
Q5SXM2	9606
P56404	10090
Q9ESD7	10090
Q940J1	3702
P55065	10090
Q6BDR8	284812
P49723	559292
Q793I8	10090
P18865	10116
Q09024	7227
O15205	9606
Q9LJ86	3702
Q8R0V5	10090
B3DH96	7955
Q66LM6	10090
O75928	9606
Q24307	7227
P04167	10116
P56405	10116
Q8CHK2	10090
Q9FV66	4227
O64989	3702
Q5U2X5	10116
P34820	9606
P0C481	39946
Q9FJV8	3702
O18334	7227
F4IGZ2	3702
A8JNV4	7227
Q9P6N9	284812
Q57984	243232
Q9R194	10090
Q8K0C9	10090
Q8R092	10090
Q8C0Y1	10090
Q06217	559292
Q96PK6	9606
Q14192	9606
Q8WY98	9606
Q86YS3	9606
P04177	10116
Q07806	208964
Q17R60	9606
P14141	10116
Q6ZGL9	39947
Q2KI42	9913
O62849	9940
Q91VD1	10090
C0HLS8	82025
Q5XEZ5	3702
P37821	3750
C0HLS9	82025
Q59E83	6239
Q99459	9606
P38262	559292
P22525	83333
Q66LG9	3702
Q6U841	9606
O94247	284812
F4K0A6	3702
Q46755	83333
Q9FYC2	3702
Q9S9U6	3702
P06785	559292
Q75LL6	39947
Q54QR3	44689
P80957	6853
P24338	10116
Q9JLI7	10090
Q9Y7N5	284812
Q13564	9606
Q54TW4	44689
Q5CCK3	39947
D0ZPH9	588858
A0A090XBH9	34613
Q8BMS4	10090
A0A0S2IHL6	228393
Q9UIE0	9606
Q2M1V0	9606
Q9UHA3	9606
Q09463	6239
O94417	284812
P19812	559292
Q9LDD5	3702
Q0IIM2	9913
Q9SPU7	3702
Q9H4M7	9606
Q9NVV5	9606
P70562	10116
Q8IV38	9606
Q6NT76	9606
Q6DBP3	3702
P35557	9606
P12270	9606
P0C467	39947
Q18801	6239
Q9PU13	8355
P40069	559292
Q9USN8	284812
P40190	10116
Q93WV4	3702
Q6NRJ5	8355
Q76B40	10029
Q9DA79	10090
Q5AQ33	237561
P22768	559292
Q6PCU2	10116
P53723	559292
P54290	10116
P0A6U8	83333
P30748	83333
Q15915	9606
Q8R413	10116
F1LTE0	10116
K4CEE8	4081
E2IH92	29960
P27088	8355
P49003	10090
Q9BQS7	9606
Q22289	6239
Q9GS00	6239
P00176	10116
P22570	9606
Q6P5X7	9606
P77463	83333
Q9SKT6	3702
P29365	208964
Q8CJI4	10090
P38340	559292
Q642J5	7955
Q9Y2H6	9606
Q09806	284812
Q61817	10090
P12461	237561
P09034	10116
Q9P0L1	9606
Q54SH7	44689
Q96WK6	4956
O35298	10090
Q32KD2	7227
Q9ESY9	10090
Q07969	10116
Q1MTE5	7955
Q9FM96	3702
Q9P7S2	284812
P50527	284812
P06681	9606
P10243	9606
O35403	10090
Q8WVV4	9606
Q9JIE3	10090
Q9LNQ1	3702
Q84L31	3702
Q0D715	39947
Q9UTA3	284812
E9QAG8	10090
Q9FH76	3702
Q8RWT0	3702
Q1K9C4	284812
P47208	6239
P93834	3702
Q0E3V2	39947
A0A4Y6HUI7	5322
O76080	9606
Q8H4L8	39947
Q0J9Y2	39947
Q8VIJ8	10090
Q54TV1	44689
O76070	9606
Q91YY4	10090
P77692	83333
Q8CFC9	10116
O13550	559292
O13790	284812
P9WL69	83332
O35625	10090
Q9LIB6	3702
Q8NFZ4	9606
Q96GS6	9606
Q4W946	330879
Q61214	10090
Q08873	559292
Q5A5Q6	237561
Q65Z91	9031
Q9P1Z2	9606
Q17390	6239
Q88FY3	160488
Q9P6Q6	284812
Q09353	6239
Q10665	6239
O35427	10090
P53719	559292
Q9BXN1	9606
P0ADH5	83333
P22008	208964
P03819	83333
Q8N4N3	9606
P13591	9606
Q04660	559292
Q8C6E0	10090
P63058	10090
P18434	9823
P68359	3712
O61924	6239
Q19345	6239
Q96JC4	9606
Q61036	10090
P52912	10090
P46684	10090
Q9D6X5	10090
P9WHU7	83332
Q6DEF6	7955
Q9JIF7	10090
Q96GF1	9606
P50651	3702
Q9ZSK2	3702
P62095	3702
Q02ML7	208963
Q9BZM4	9606
Q9QZE7	10090
Q64623	10116
Q9N2W5	6239
P20794	9606
P9WJE3	83332
O42261	8355
Q6ZNR0	9606
Q9P7D6	284812
Q9SIH4	3702
O60073	284812
O13804	284812
P83776	237561
P28750	7227
Q9SAK7	3702
P53217	559292
Q84VQ3	3702
Q9DBU5	10090
Q13002	9606
Q6XPU4	10116
Q9LIQ4	3702
A6MHQ4	7227
Q8LPL8	3702
Q13522	9606
Q09FC8	9606
Q9D9E0	10090
O74520	284812
P0DKJ8	3702
Q5A4N5	237561
P9WGN3	83332
Q9W3N6	7227
O54967	10090
O60130	284812
Q9DCX8	10090
Q9GZU3	9606
Q68CZ6	9606
Q16581	9606
Q6P4S6	10090
Q01129	10116
Q9LJK2	3702
O76743	6239
Q9Y2C2	9606
P37293	559292
P17988	10116
Q6ZPB5	9606
P0AEG1	83333
P0CZ24	3702
Q7F2L3	39947
P81068	10090
Q9U2C9	6239
Q2V3L3	3702
Q43299	28502
Q99JF8	10090
A0A0K8R726	34613
O01530	6239
A0A3Q0KJ78	6183
A0A1S4AX27	4097
Q96JS3	9606
Q9FFZ6	3702
Q9UPQ4	9606
Q96IT1	9606
F4JGP4	3702
P10827	9606
P10360	9031
Q23430	6239
Q6NQI8	3702
P86510	336074
Q8ISS3	27543
Q8CBG9	10090
Q12107	559292
P54860	559292
B2D6P4	6239
P90925	6239
Q9USS9	284812
Q4TU93	10116
Q5B0C9	227321
B5DF89	10116
Q9R168	10116
Q4GZK8	39946
Q9CRD0	10090
Q8TBN0	9606
P0AGH5	83333
Q9LSG3	3702
Q9WUW8	10116
A0A060D764	4577
Q9C685	3702
Q9VYN8	7227
Q9VMW9	7227
P49800	10116
Q9UUE5	284812
P05027	9823
P05408	9606
O48652	3702
Q8BI79	10090
Q8BGA2	10090
Q9UK05	9606
Q25QX6	8355
H2KZZ6	6239
P33279	9986
P04798	9606
O25114	85962
Q9H2L5	9606
P22274	237561
Q9P8V9	237561
Q63537	10116
Q9UI15	9606
Q8GXK5	3702
Q6DD88	9606
Q9UPR5	9606
P53992	9606
P04651	9913
Q5TGY1	9606
Q99N23	10090
A1L429	9606
Q9M350	3702
O14776	9606
Q9FKE6	3702
O14145	284812
Q8VY05	3702
Q8BH66	10090
Q8GUI6	3702
D4N4Z9	6334
Q62407	10090
P00854	559292
O74939	284812
P41978	4577
Q7T1H5	7955
Q69Z89	10090
Q8R3N6	10090
P07340	10116
Q965T6	6239
Q9SV15	3702
P77536	83333
P0C7A3	10090
P28324	9606
P38264	559292
Q8R4Y8	10090
Q8BTI9	10090
P49690	3702
Q9UW12	237561
Q96BZ4	9606
P29788	10090
Q94890	7227
Q8H102	3702
P25071	3702
O46503	9986
Q2Y0W8	9606
Q8L8T7	3702
F1Q8X5	7955
B5DFK7	10116
P15056	9606
O35115	10116
O80476	3702
Q6KCM7	9606
P51834	224308
P0AD59	83333
Q6NSR3	10090
Q966L9	6239
P53326	559292
O53281	83332
Q8GW61	3702
Q6NYY9	7955
O54949	10090
Q9SN43	3702
P9WGN7	83332
P37802	9606
O22932	3702
Q93VD3	3702
Q9C544	3702
Q8W4D6	3702
P21913	10116
Q9GZL7	9606
Q5JPH6	9606
O22165	3702
P12813	10090
Q9NYK5	9606
Q5VTE0	9606
O01382	7227
Q2RAP4	39947
O76021	9606
Q8CI15	10090
Q86UP2	9606
Q62962	10116
Q8WV37	9606
Q9JK38	10090
Q9ZT82	3702
Q9Y6R1	9606
Q8WXI3	9606
Q7XA74	3702
P01222	9606
Q9VJ33	7227
Q9QWH1	10090
Q08202	559292
Q12999	9606
B5LUQ3	115422
Q502I3	7955
P04386	559292
O95373	9606
P36002	559292
Q9SN23	3702
Q9C7G1	3702
Q6NUK1	9606
P67153	83333
C0H9B6	8030
Q9YHE8	7955
Q9XHZ8	3702
A0A396HQY2	3880
Q949X9	3702
P07630	9031
Q5AL03	237561
Q9H707	9606
Q9FWS9	3702
Q6PH58	7955
P58059	10090
Q6ZUJ4	9606
Q4R1I4	7741
Q9TT37	9986
Q20977	6239
Q5PSV9	10090
P77858	83333
M0R5D6	10116
Q91765	8355
Q9YGL1	8355
Q93W54	3702
Q6P9Q4	10090
O22971	3702
A0A5A4DV62	49666
O15151	9606
O76554	6239
P50466	83333
P20853	9606
Q21221	6239
A1A546	10090
Q47534	83333
F4IVV0	3702
Q9W7R3	7955
O02002	7227
Q9Y6X0	9606
Q3KNS6	9606
Q9LDI3	3702
O74943	284812
Q9P8W1	237561
P9WP49	83332
C0HM97	759272
Q6JDV7	3702
P9WJ67	83332
O88700	10090
Q13066	9606
Q9XHV0	3702
O75907	9606
O13766	284812
Q70PR7	4060
Q9V407	7227
Q03533	559292
P09367	10116
Q54LG8	44689
Q90751	9031
P09099	83333
Q22292	6239
Q9LXT9	3702
A1Z746	7227
Q9CWB7	10090
Q15784	9606
Q80U16	10090
P47043	559292
A0A140JWM8	3702
O82200	3702
P42772	9606
Q9UNK0	9606
Q8LBV4	3702
Q6PRD1	9606
Q39013	3702
Q64104	10090
P96722	224308
Q9USZ0	284812
Q96EK4	9606
O43768	9606
Q9EQZ1	10116
O13715	284812
Q54UB5	44689
P63640	170187
Q708S5	7955
Q6P3A9	10090
O88878	10090
O75575	9606
Q9FMX3	3702
Q13393	9606
K7NBR2	190515
Q863C3	9913
Q708S3	7955
P35375	10090
P01142	9940
P56375	10090
A8CDT3	39984
Q0VGY8	10090
Q8CF97	10116
Q6ZS10	9606
O49606	3702
P16882	10090
Q9FVR6	3702
P54269	7227
P0AEV7	83333
G5EGF8	6239
Q9Y281	9606
Q9JM59	10116
P42260	10116
Q06496	10116
Q9H0F7	9606
P51419	3702
Q9VY28	7227
Q8RWU6	3702
Q9XGN1	3702
P26715	9606
Q54UF7	44689
P0CL82	9606
Q8N443	9606
E9Q5K9	10090
Q969U6	9606
O34928	224308
Q96C36	9606
Q9P2W1	9606
Q64429	10090
P29496	559292
Q8GYH7	3702
Q811B1	10090
Q92547	9606
O43889	9606
P60616	8616
Q8C129	10090
Q8GWH3	3702
P54823	10090
Q8L7M0	3702
F4I8Q7	3702
Q8LBZ7	3702
Q5T5D7	9606
Q8VWH2	39947
Q9FX64	3702
Q9JM90	10090
Q9D8V0	10090
Q8WZK2	284812
O08742	10090
P10646	9606
A0A8J1K1A4	8364
Q9CB03	3702
Q3U1N2	10090
P18085	9606
Q6N022	9606
Q8BPM0	10090
Q9FMR3	3702
P38359	559292
P37766	83333
P9WJJ1	83332
P61294	10090
P78611	227321
A2XW02	39946
E3Q1H1	5702
A1L167	9606
P76515	83333
Q09756	284812
P61962	9606
Q9SKZ1	3702
P16968	4513
Q9SMX1	3702
O61847	6239
P38825	559292
P22003	9606
Q00560	10090
P10506	284812
P10755	10090
Q07342	7955
Q765H6	10090
A4QMS7	9606
P07732	74940
Q16836	9606
Q9C909	3702
P42859	10090
O60154	284812
P9WJ75	83332
Q62520	10090
Q8LGG8	3702
O57535	9031
Q9QYC3	10090
P9WPA7	83332
P0AES9	83333
Q14739	9606
F4IAX1	3702
D3ZAZ5	10116
P56976	83333
Q9QY31	10090
Q9R233	10090
Q04659	559292
P41999	6239
Q54Y08	44689
Q86JF2	44689
O49347	3702
Q09906	284812
F4J3P7	3702
Q6ICH7	9606
P33754	559292
Q15562	9606
Q9JLP1	10116
Q9C5M3	3702
Q01475	284812
Q03373	559292
Q9C521	3702
Q9LV27	3702
P53615	559292
O00338	9606
P23589	10090
Q8S307	3702
Q5CCK1	39947
Q6SCL4	227321
P11627	10090
Q92871	9606
Q66GS2	3702
P22291	170187
Q5ZKK7	9031
Q9SX24	3702
A0A089QRB9	83332
P25894	83333
Q7ZT82	7955
Q96BW1	9606
Q9LVQ0	3702
E0W1I1	121224
Q9V3D5	7227
R9WTS6	118510
Q9QYH9	10090
Q99393	559292
P49866	7227
O94281	284812
Q9ATB4	3702
F4KIX0	3702
P69905	9606
C0HLZ4	47721
Q10668	284812
P17491	10116
P48997	10090
Q8BGW1	10090
P54928	4081
Q96LM9	9606
P9WQE9	83332
Q32SG4	4577
P76440	83333
Q9P286	9606
Q53GL0	9606
Q04411	559292
Q9SWA6	3702
P54282	10116
Q12377	559292
Q1PE17	3702
Q24342	7227
Q66K14	9606
Q91ZY6	10116
Q6P5G0	10090
Q9M2B9	3702
P37671	83333
Q3ECU1	3702
P04004	9606
A8CDT2	39984
Q8R4D1	10090
Q8N988	9606
E7EZ53	7955
Q9ZU93	3702
Q8C581	10090
P96809	83332
Q80YD1	10090
P9WK61	83332
Q3U7R1	10090
A0A455ZJC3	3483
C0HLU6	10116
Q9Y662	9606
O42617	237561
P43606	559292
Q95XZ6	6239
P51480	10090
Q8N987	9606
Q9C5J9	3702
Q6PCB6	9606
P75952	83333
Q96A26	9606
P02600	10116
Q10045	6239
Q8L9T7	3702
Q8K1T6	10090
P16015	10090
O74683	284593
Q9Y4X0	9606
Q9QXU7	10090
Q8L7Z9	3562
Q8IV08	9606
Q9Y3E2	9606
P56039	85962
Q9H1H1	9606
Q8W234	3702
B0BMY1	10116
P39297	83333
Q2MJ20	3880
Q9S784	3702
A0A145P7T2	34305
O13878	284812
Q13616	9606
Q8L910	3702
Q17R13	9913
P33228	83333
Q03942	559292
A6YP92	10116
P33639	208964
A0A0B4K753	7227
P34902	10090
Q9BV86	9606
P13107	10116
P76015	83333
P9WJV5	83332
P14712	3702
P9WIL5	83332
Q99N13	10090
O00933	5811
Q3V0F0	10090
Q8IP68	7227
P02401	10116
P48030	10090
Q9NT68	9606
E7F211	7955
Q9NBX5	7227
Q96SB3	9606
Q7LGC8	9606
Q9FIT4	3702
Q09330	284812
P40526	559292
P82921	9606
Q9SJM0	3702
Q8IY50	9606
Q9Z218	10090
Q9NX65	9606
Q6Q5X2	559292
Q9Z0X1	10090
Q9Y7P9	284812
Q9AQU1	39947
O80472	3702
Q8VEE0	10090
P09880	559292
Q9C9Z8	3702
Q8RWL6	3702
P62509	10090
Q9DCH6	10090
P91621	7227
Q3TPE9	10090
A0A1S3X835	4097
Q01730	10090
Q9XT82	9615
Q3T0Q4	9913
O80796	3702
Q4VNC1	9606
Q5DTJ9	10090
P38726	559292
P18331	10116
P15018	9606
Q9ZS34	4097
P34220	559292
Q9NQQ7	9606
Q9ULI4	9606
P53192	559292
Q01477	559292
P0ADP2	83333
Q3E784	559292
Q9SHK2	3702
Q4WY82	330879
O93937	227321
Q42598	284812
Q9LHE9	3702
P25577	559292
C8VIP3	227321
Q8BVY0	10090
Q42479	3702
B5DFG1	10116
O94573	284812
P00966	9606
F4JBM4	3702
P54726	10090
Q21037	6239
P38419	39947
Q3UK10	10090
P0AFD1	83333
P9WGP1	83332
Q8N8I6	9606
Q08223	559292
Q7KZN9	9606
Q39194	3702
Q9BPZ7	9606
O01798	6239
O94378	284812
Q15011	9606
P78414	9606
P20054	44689
P38413	5741
P83779	237561
Q9NZI2	9606
P0A873	83333
Q10836	10116
P41848	6239
F4JJL3	3702
Q18DC8	99586
O31986	224308
Q9NZ32	9606
Q9ZNT3	3702
A2ASZ8	10090
Q9VQ79	7227
P9WGA3	83332
Q9WTX4	10090
B2GM84	6954
Q9Z1Z2	10090
Q800Q5	7955
Q46799	83333
P48525	559292
Q8VZ80	3702
Q7K3L1	7227
P0C2H6	559292
Q8H0S9	3702
Q7L5L3	9606
P59055	10090
Q9Y5W7	9606
P06876	10090
Q9JI66	10116
Q13115	9606
Q10572	6239
B7ZNG0	10090
Q24311	7227
Q5AVF8	227321
Q08492	559292
P80318	10090
Q54F34	44689
P19228	10090
Q8R1G1	10090
P0A6E4	83333
P9WMH9	83332
