method	aspect	Fmax	Fmax_w	precision	recall	coverage	precision_w	recall_w	n_gt	protocol	n_proteins
gogpt_released_preds	BP	0.586	0.542	0.584	0.588	1.0	0.55	0.535	5819	S3_all	8630
gogpt_released_preds	CC	0.805	0.717	0.765	0.849	1.0	0.675	0.765	3440	S3_all	8630
gogpt_released_preds	MF	0.757	0.689	0.781	0.735	1.0	0.73	0.652	2080	S3_all	8630
gogpt_reproduced	BP	0.659	0.617	0.662	0.657	1.0	0.631	0.604	5819	S3_all	8630
gogpt_reproduced	CC	0.812	0.728	0.771	0.857	1.0	0.684	0.779	3440	S3_all	8630
gogpt_reproduced	MF	0.777	0.714	0.799	0.755	1.0	0.757	0.676	2080	S3_all	8630
gogpt_released_preds	BP	0.593	0.55	0.591	0.594	1.0	0.558	0.542	5623	S6_noknowledge	8159
gogpt_released_preds	CC	0.811	0.725	0.769	0.857	1.0	0.68	0.776	3293	S6_noknowledge	8159
gogpt_released_preds	MF	0.783	0.717	0.806	0.761	1.0	0.759	0.679	1878	S6_noknowledge	8159
gogpt_reproduced	BP	0.668	0.626	0.671	0.665	1.0	0.641	0.612	5623	S6_noknowledge	8159
gogpt_reproduced	CC	0.818	0.736	0.776	0.864	1.0	0.69	0.789	3293	S6_noknowledge	8159
gogpt_reproduced	MF	0.803	0.743	0.826	0.782	1.0	0.788	0.704	1878	S6_noknowledge	8159
gogpt_released_preds	BP	0.588	0.541	0.588	0.587	1.0	0.55	0.532	5819	cafa6_ia	8630
gogpt_released_preds	CC	0.806	0.717	0.767	0.849	1.0	0.676	0.764	3440	cafa6_ia	8630
gogpt_released_preds	MF	0.757	0.69	0.782	0.733	1.0	0.732	0.654	2080	cafa6_ia	8630
gogpt_reproduced	BP	0.66	0.617	0.665	0.656	1.0	0.632	0.603	5819	cafa6_ia	8630
gogpt_reproduced	CC	0.813	0.729	0.773	0.858	1.0	0.684	0.779	3440	cafa6_ia	8630
gogpt_reproduced	MF	0.776	0.716	0.8	0.753	1.0	0.759	0.678	2080	cafa6_ia	8630
