method	aspect	Fmax_w	tau_w	Fmax	Smin	cov
diamond+naive	BP	0.41597855253043275	0.19	0.4617314781054715	21.86634899333208	1.0
diamond+naive	CC	0.6378140032835712	0.28	0.7445818704458155	4.926062436707509	1.0
diamond+naive	MF	0.6494893359532355	0.19	0.7044326362534031	3.974430950159879	1.0
gogpt_beam	BP	0.6170734946053975	0.01	0.6593592247350647	14.479745978565193	1.0
gogpt_beam	CC	0.7283760998311721	0.01	0.8121236972625979	4.506387247849709	1.0
gogpt_beam	MF	0.7143436687233293	0.01	0.776552532140644	2.985311133344366	1.0
gogpt_greedy	BP	0.6156245727902412	0.01	0.6577371806169401	15.17117956481347	1.0
gogpt_greedy	CC	0.7279409967060237	0.01	0.811733045718264	4.531237623768555	1.0
gogpt_greedy	MF	0.715510103263359	0.01	0.7775542573784676	3.014455588096058	1.0
naive	BP	0.20957813885835677	0.13	0.28223768246006603	25.802787000000098	1.0
naive	CC	0.3372200342425531	0.13	0.5931080783756751	6.966806597413572	1.0
naive	MF	0.1844529402944439	0.05	0.3752841129166292	7.650176464322968	1.0
