method	aspect	Fmax_w	tau_w	Fmax	Smin	cov	split
diamond+naive	BP	0.34270280397193403	0.19	0.42368030762820713	29.021173415518795	1.0	val
diamond+naive	CC	0.4836599576990556	0.24000000000000002	0.6568420911339694	7.480529163043913	1.0	val
diamond+naive	MF	0.5792611209008705	0.24000000000000002	0.6884749852011377	4.796978663751663	1.0	val
diamond_knn	BP	0.33099174393294284	0.21000000000000002	0.3961113066053168	29.590455507822224	0.7641752577319587	val
diamond_knn	CC	0.4505959280843546	0.22	0.5822901513326262	8.4820660382697	0.7636275146009085	val
diamond_knn	MF	0.5279787585550136	0.27	0.6152481342009661	5.203033215939931	0.77947086403215	val
naive	BP	0.21843537846942832	0.09999999999999999	0.2964317070474895	32.24839038258372	1.0	val
naive	CC	0.354449784773141	0.15000000000000002	0.6030996088790069	8.2583843495329	1.0	val
naive	MF	0.3447878018789545	0.24000000000000002	0.544680066213573	6.670113480978773	1.0	val
diamond+naive	BP	0.32811762428706637	0.19	0.4098534063417999	29.819665379872863	1.0	test
diamond+naive	CC	0.480934097823769	0.24000000000000002	0.6602522206709227	7.471879739110058	1.0	test
diamond+naive	MF	0.5750688568238608	0.24000000000000002	0.6811553498300718	4.826358949398495	1.0	test
diamond_knn	BP	0.31414044458070645	0.2	0.3799176942897126	30.36685050016806	0.7742259414225942	test
diamond_knn	CC	0.45000766899330474	0.23	0.5840059454226741	8.528437241043687	0.7716808031850442	test
diamond_knn	MF	0.52329673513414	0.26	0.6080051081301043	5.233400791069581	0.7716863289382373	test
naive	BP	0.22445584081843298	0.09	0.30284717910095166	32.49014242840887	1.0	test
naive	CC	0.36171474986015223	0.15000000000000002	0.6108828075106618	8.155284685413937	1.0	test
naive	MF	0.3631431943524128	0.24000000000000002	0.5577253357517513	6.526017695783467	1.0	test
