method	MF	BP	CC	kaggle_mean_Fw	Fmax_BP	Fmax_CC	Fmax_MF	subset	n
gogpt_beam	0.7143436687233293	0.6170734946053975	0.7283760998311721	0.6865977543866331	0.6593592247350647	0.8121236972625979	0.776552532140644	S3_all	8630
gogpt_greedy	0.715510103263359	0.6156245727902412	0.7279409967060237	0.6863585575865413	0.6577371806169401	0.811733045718264	0.7775542573784676	S3_all	8630
diamond+naive	0.6494893359532355	0.41597855253043275	0.6378140032835712	0.5677606305890799	0.4617314781054715	0.7445818704458155	0.7044326362534031	S3_all	8630
naive	0.1844529402944439	0.20957813885835677	0.3372200342425531	0.24375037113178458	0.28223768246006603	0.5931080783756751	0.3752841129166292	S3_all	8630
gogpt_beam	0.7434200774732687	0.626323045602283	0.7364836137914998	0.7020755789556837	0.6678340684023029	0.8179500334658726	0.8032206459215634	S6_noknowledge	8159
gogpt_greedy	0.745062538993439	0.6247946612265499	0.735903682375111	0.7019202941983665	0.6662753279236086	0.8174801398111965	0.804719813935525	S6_noknowledge	8159
diamond+naive	0.6727915239771478	0.4179586165335229	0.6421188086431188	0.5776229830512633	0.46303836689751304	0.7482982189948066	0.725234152638112	S6_noknowledge	8159
naive	0.1859338148455975	0.21060262098966206	0.3375434794847425	0.24469330510666734	0.28282012723125477	0.5950739566419493	0.38207317486707737	S6_noknowledge	8159
gogpt_beam	0.34177899468479533	0.31107602402939144	0.4697601210331745	0.3742050465824538	0.37117863296368003	0.64195578330607	0.5376680203803212	identity no_hit	250
gogpt_greedy	0.3420338484478693	0.30423184334837783	0.4616770194513721	0.36931423708253974	0.3631097232270686	0.6377268516668967	0.537658515774893	identity no_hit	250
diamond+naive	0.13456405948175457	0.17048937675366685	0.30471581356253885	0.20325641659932012	0.2377216780364391	0.5660249736605872	0.4141326909296188	identity no_hit	250
naive	0.13456405948175457	0.17048937675366685	0.30471581356253885	0.20325641659932012	0.2377216780364391	0.5660249736605872	0.4141326909296188	identity no_hit	250
diamond+naive	0.42606850284320374	0.4202491338604241	0.5152243749770895	0.4538473372269058	0.4873600676381276	0.6573164342310577	0.5221581489856072	identity <30%	82
gogpt_greedy	0.3561254442091017	0.3923020391309994	0.4683445904180177	0.4055906912527063	0.4712224644498757	0.6426079946071395	0.5034325060865938	identity <30%	82
gogpt_beam	0.3397281657873558	0.38867175430031514	0.4566373061851606	0.3950124087576105	0.46882396061000314	0.6384440897202525	0.49356079513251294	identity <30%	82
naive	0.20390442328712147	0.2168900160049053	0.29166836443344324	0.23748760124182333	0.28662128419496785	0.5529929848475871	0.36063432253033506	identity <30%	82
diamond+naive	0.5129984150816203	0.33424536988639886	0.5250080510998223	0.4574172786892805	0.40423275427693417	0.6610268317075697	0.5700846949754349	identity 30-50%	713
gogpt_greedy	0.45468981898056365	0.3271973585279185	0.5410005964320812	0.4409625913135211	0.39877268691456225	0.6897616589719113	0.5513532883511648	identity 30-50%	713
gogpt_beam	0.4569609187817705	0.3187131894509602	0.5438014699796447	0.4398251927374585	0.3921408640163352	0.6911210032556162	0.5535996831019283	identity 30-50%	713
naive	0.18959414923597823	0.1951081409378177	0.3705748694620806	0.25175905321195885	0.2754993302456397	0.584505755921037	0.32951809743078636	identity 30-50%	713
gogpt_beam	0.7769859951885706	0.6604582891283919	0.7536556137190926	0.7303666326786851	0.6985904528181445	0.8287212848234732	0.826905274209402	identity >=50%	7585
gogpt_greedy	0.778404734287129	0.6581464081727504	0.7536317594635139	0.7300609673077978	0.6962631903061772	0.8285640071190382	0.8282842669727972	identity >=50%	7585
diamond+naive	0.6949781076165499	0.432378345472838	0.6568163921624481	0.594724281750612	0.4725986542055802	0.7577450640508349	0.7412262627884376	identity >=50%	7585
naive	0.18571649572733892	0.21234803338611702	0.34200110811084794	0.24668854574143462	0.2841761339424956	0.5952072276752615	0.3805685489982976	identity >=50%	7585
