method	aspect	Fmax	Fmax_w_at_bestF	Fmax_w	precision	recall	coverage	protocol	set
gogpt_released_preds	BP	0.5862999206885007	0.542484437130363	0.542484437130363	0.5842905942839599	0.5883231145925566	"<bound method Series.cov of filename      gogpt_released_preds.tsv
ns                  biological_process
tau                                0.5
n                               5819.0
tp                           17.311737
fp                           14.779859
fn                           11.809933
pr                            0.584291
rc                            0.588323
cov                                1.0
mi                           14.779859
ru                           11.809933
f                               0.5863
s                            18.918741
pr_micro                      0.539448
rc_micro                      0.594462
f_micro                        0.56562
n_w                             5818.0
tp_w                         16.610195
fp_w                         14.657446
fn_w                          14.22645
pr_w                          0.550358
rc_w                          0.534833
cov_w                         0.999828
mi_w                         14.657446
ru_w                          14.22645
f_w                           0.542484
s_w                          20.426272
pr_micro_w                    0.531226
rc_micro_w                    0.538651
f_micro_w                     0.534913
cov_max                            1.0
Name: 0, dtype: object>"	paper_IA	full (8630)
gogpt_released_preds	CC	0.8052399237966076	0.7175524627831243	0.7175524627831243	0.7655580048039211	0.8492604750316893	"<bound method Series.cov of filename      gogpt_released_preds.tsv
ns                  cellular_component
tau                                0.5
n                               3440.0
tp                           10.021802
fp                            4.442733
fn                            2.068895
pr                            0.765558
rc                             0.84926
cov                                1.0
mi                            4.442733
ru                            2.068895
f                              0.80524
s                             4.900837
pr_micro                      0.692853
rc_micro                      0.828885
f_micro                       0.754789
n_w                             3440.0
tp_w                          7.601808
fp_w                          5.882145
fn_w                           3.00074
pr_w                          0.675727
rc_w                          0.764898
cov_w                              1.0
mi_w                          5.882145
ru_w                           3.00074
f_w                           0.717552
s_w                           6.603338
pr_micro_w                    0.563767
rc_micro_w                    0.716979
f_micro_w                     0.631209
cov_max                            1.0
Name: 1, dtype: object>"	paper_IA	full (8630)
gogpt_released_preds	MF	0.7573055373329365	0.6885104391196092	0.6885104391196092	0.781277430675106	0.7347609079530426	"<bound method Series.cov of filename      gogpt_released_preds.tsv
ns                  molecular_function
tau                                0.5
n                               2080.0
tp                            6.869231
fp                            1.998558
fn                            2.637019
pr                            0.781277
rc                            0.734761
cov                                1.0
mi                            1.998558
ru                            2.637019
f                             0.757306
s                             3.308792
pr_micro                      0.774627
rc_micro                      0.722602
f_micro                       0.747711
n_w                             2080.0
tp_w                          9.036023
fp_w                          2.873792
fn_w                           5.16079
pr_w                          0.729896
rc_w                          0.651566
cov_w                              1.0
mi_w                          2.873792
ru_w                           5.16079
f_w                            0.68851
s_w                           5.906982
pr_micro_w                    0.758704
rc_micro_w                    0.636482
f_micro_w                      0.69224
cov_max                            1.0
Name: 2, dtype: object>"	paper_IA	full (8630)
gogpt_released_preds	BP	0.5878681417875828	0.5412381218110505	0.5412381218110505	0.5885601454327327	0.5871777634875273	"<bound method Series.cov of filename      gogpt_released_preds.tsv
ns                  biological_process
tau                                0.5
n                               5819.0
tp                           16.281492
fp                           13.505929
fn                           11.515724
pr                             0.58856
rc                            0.587178
cov                                1.0
mi                           13.505929
ru                           11.515724
f                             0.587868
s                             17.74886
pr_micro                       0.54659
rc_micro                      0.585724
f_micro                        0.56548
n_w                             5817.0
tp_w                         17.205031
fp_w                         14.933059
fn_w                         14.935365
pr_w                          0.550504
rc_w                          0.532279
cov_w                         0.999656
mi_w                         14.933059
ru_w                         14.935365
f_w                           0.541238
s_w                          21.120165
pr_micro_w                    0.535347
rc_micro_w                    0.535309
f_micro_w                     0.535328
cov_max                            1.0
Name: 0, dtype: object>"	CAFA6_IA	full (8630)
gogpt_released_preds	CC	0.805848872815776	0.717595838695194	0.717595838695194	0.7669146572911196	0.8489476868695965	"<bound method Series.cov of filename      gogpt_released_preds.tsv
ns                  cellular_component
tau                                0.5
n                               3440.0
tp                           10.052326
fp                                 4.4
fn                            2.057558
pr                            0.766915
rc                            0.848948
cov                                1.0
mi                                 4.4
ru                            2.057558
f                             0.805849
s                             4.857319
pr_micro                      0.695551
rc_micro                      0.830093
f_micro                       0.756889
n_w                             3440.0
tp_w                          7.475291
fp_w                          5.698369
fn_w                          2.971435
pr_w                          0.676605
rc_w                          0.763874
cov_w                              1.0
mi_w                          5.698369
ru_w                          2.971435
f_w                           0.717596
s_w                           6.426572
pr_micro_w                    0.567442
rc_micro_w                    0.715563
f_micro_w                     0.632952
cov_max                            1.0
Name: 1, dtype: object>"	CAFA6_IA	full (8630)
gogpt_released_preds	MF	0.7570019257043068	0.6904742023940067	0.6904742023940067	0.7822807232669329	0.7333057176344175	"<bound method Series.cov of filename      gogpt_released_preds.tsv
ns                  molecular_function
tau                                0.5
n                               2080.0
tp                            7.008173
fp                            2.024519
fn                            2.728365
pr                            0.782281
rc                            0.733306
cov                                1.0
mi                            2.024519
ru                            2.728365
f                             0.757002
s                             3.397448
pr_micro                      0.775868
rc_micro                      0.719781
f_micro                       0.746773
n_w                             2080.0
tp_w                          9.941896
fp_w                          2.990489
fn_w                          5.372565
pr_w                          0.731862
rc_w                          0.653517
cov_w                              1.0
mi_w                          2.990489
ru_w                          5.372565
f_w                           0.690474
s_w                           6.148778
pr_micro_w                     0.76876
rc_micro_w                    0.649184
f_micro_w                      0.70393
cov_max                            1.0
Name: 2, dtype: object>"	CAFA6_IA	full (8630)
