method	aspect	Fmax_w	tau_w	Fmax	Smin	cov	P_w	R_w	P	R
diamond+naive	BP	0.41597855253043275	0.19	0.4617314781054715	21.86634899333208	1.0	0.3745714667733425	0.4676781356167102	0.4398772385987172	0.48587079659331556
diamond+naive	CC	0.6378140032835712	0.28	0.7445818704458155	4.926062436707509	1.0	0.6143453825433012	0.6631468914821518	0.7244040774387118	0.7659159489811318
diamond+naive	MF	0.6494893359532355	0.19	0.7044326362534031	3.974430950159879	1.0	0.6485889221027201	0.650392253306876	0.7073739253578433	0.7015157058601936
gogptbench_35m_lora+knn_gate	BP	0.4337474495255004	0.21000000000000002	0.48551060563996157	20.359556775339467	1.0	0.43084984340798754	0.43668429423312044	0.47090025162738525	0.501056603616994
gogptbench_35m_lora+knn_gate	CC	0.6472100542082138	0.3	0.7550651944171277	4.556414377495571	1.0	0.6466620147118002	0.6477590234083674	0.7507853594497694	0.7593941033343686
gogptbench_35m_lora+knn_gate	MF	0.6468698163735839	0.18000000000000002	0.7027645319245234	3.9590975139544113	1.0	0.638811247561676	0.6551342995905641	0.693823999544267	0.7119384853846416
gogptbench_35m_lora	BP	0.33942451668890256	0.2	0.414624098748618	22.508278692353986	1.0	0.35413578806909995	0.3258867479845564	0.45419708080253046	0.381394234783234
gogptbench_35m_lora	CC	0.5224767133353235	0.23	0.6628979310959419	6.258848860205408	1.0	0.5161228948371942	0.5289889212351683	0.6382215228051905	0.6895592794073262
gogptbench_35m_lora	MF	0.5021630536809876	0.14	0.6066166824654449	5.248421523236955	1.0	0.5292688690258227	0.47769835500140606	0.6159282684170175	0.5975824481008758
grounded	BP	0.40579037564190595	0.18000000000000002	0.4587332802604186	21.779754765707693	1.0	0.38189952289930873	0.4328698262724741	0.44245666573015263	0.4762531635913756
grounded	CC	0.6267585784891984	0.26	0.7394233481641018	4.986140285829607	1.0	0.592243769063117	0.6655452552771395	0.7120776262504025	0.7689532490308931
grounded	MF	0.6182801037647102	0.19	0.6800139206916589	4.252288829596439	1.0	0.6368600084274549	0.6007535766896962	0.6953805944648196	0.6653117156358698
grounded_gate_only	BP	0.4307566324594593	0.18000000000000002	0.47611844490147903	20.492545896228066	1.0	0.3995245963096744	0.46728576221134127	0.456116058118924	0.4979556536733238
grounded_gate_only	CC	0.633615434127404	0.27	0.7411870978557932	4.85494217377318	1.0	0.6023521179249561	0.6683016678762167	0.7315268081010187	0.7511059428857453
grounded_gate_only	MF	0.6340655446584792	0.21000000000000002	0.6843179794157979	4.166248456576141	1.0	0.6447375617750046	0.6237410718959073	0.6682663633708574	0.7011596860826098
grounded_no_domain	BP	0.40159195550893134	0.2	0.4542917355611454	21.27999156414766	1.0	0.3900553373471658	0.41383180736490804	0.4667139809381513	0.4425136167257424
grounded_no_domain	CC	0.6227017786099841	0.27	0.7362041206652149	5.0384966510427445	1.0	0.593592315848571	0.6548134966839328	0.7009717110695597	0.7751656857521195
grounded_no_domain	MF	0.6207552578516877	0.21000000000000002	0.6802500227884819	4.246168652426806	1.0	0.6298749511842041	0.6118958759543072	0.6842076011260377	0.6763379638313463
grounded_no_ligand	BP	0.40579037564190595	0.18000000000000002	0.4587332802604186	21.779754765707693	1.0	0.38189952289930873	0.4328698262724741	0.44245666573015263	0.4762531635913756
grounded_no_ligand	CC	0.6267585784891984	0.26	0.7394233481641018	4.986140285829607	1.0	0.592243769063117	0.6655452552771395	0.7120776262504025	0.7689532490308931
grounded_no_ligand	MF	0.6172016921666794	0.19	0.6799326043600936	4.275137897227486	1.0	0.6379263079865793	0.5977812867725395	0.6955853482090718	0.6649688235819564
grounded_no_ortholog	BP	0.4287160708369658	0.16	0.4718542735296941	21.327241042645557	1.0	0.38138044687185696	0.4894670279700528	0.4391578515390663	0.5098110028128338
grounded_no_ortholog	CC	0.6360411328537423	0.26	0.7440666263966419	4.801059938308738	1.0	0.6031260416526577	0.6727562325531473	0.7305491166878506	0.7580938014171118
grounded_no_ortholog	MF	0.630074697081367	0.17	0.682582275756794	4.21884645408037	1.0	0.6318440908963637	0.6283151854880972	0.7046788039356523	0.6618293720406386
naive	BP	0.20957813885835677	0.13	0.28223768246006603	25.802787000000098	1.0	0.28730308500797325	0.16495293704784114	0.311699222852342	0.2578645488003272
naive	CC	0.3372200342425531	0.13	0.5931080783756751	6.966806597413572	1.0	0.3009231084861627	0.38347415173087623	0.6944404069767441	0.51758271792176
naive	MF	0.1844529402944439	0.05	0.3752841129166292	7.650176464322968	1.0	0.18241137784061448	0.18654071865467597	0.5241586538461539	0.2922714911584579
