method	MF	BP	CC	kaggle_mean_Fw
gogptbench_35m_lora+knn_gate	0.6468698163735839	0.4337474495255004	0.6472100542082138	0.575942440035766
diamond+naive	0.6494893359532355	0.41597855253043275	0.6378140032835712	0.5677606305890799
grounded_gate_only	0.6340655446584792	0.4307566324594593	0.633615434127404	0.5661458704151142
grounded_no_ortholog	0.630074697081367	0.4287160708369658	0.6360411328537423	0.564943966924025
grounded	0.6182801037647102	0.40579037564190595	0.6267585784891984	0.5502763526319382
grounded_no_ligand	0.6172016921666794	0.40579037564190595	0.6267585784891984	0.5499168820992613
grounded_no_domain	0.6207552578516877	0.40159195550893134	0.6227017786099841	0.548349663990201
gogptbench_35m_lora	0.5021630536809876	0.33942451668890256	0.5224767133353235	0.4546880945684045
naive	0.1844529402944439	0.20957813885835677	0.3372200342425531	0.24375037113178458
