latent	n_proteins_sampled	mean_fired_residues	mean_neighbor_frac	mean_rel_runlen
102	25	2.36	0.204	0.6766666666666665
395	25	2.16	0.15980952380952382	0.7613333333333333
92	25	1.88	0.144	0.7846666666666667
2019	25	1.96	0.14214285714285715	0.8026666666666666
3007	25	2.56	0.13361904761904764	0.6893333333333334
3191	25	2.24	0.132	0.6966666666666668
3577	25	2.36	0.12833333333333333	0.7040000000000001
1344	25	2.72	0.10351515151515152	0.7025
637	25	2.16	0.10209523809523809	0.688
783	25	1.88	0.1	0.8023809523809524
1164	25	1.8	0.096	0.8316666666666667
1021	25	1.84	0.08	0.748
2140	25	2.2	0.075	0.7303809523809522
1673	25	2.16	0.0740952380952381	0.7603030303030303
635	25	1.76	0.06857142857142857	0.7733333333333334
3198	25	1.68	0.06666666666666667	0.77
1248	25	1.48	0.06	0.8633333333333333
1988	25	1.6	0.055999999999999994	0.7966666666666665
1042	25	2.04	0.055999999999999994	0.7373333333333334
4049	25	1.48	0.055999999999999994	0.8566666666666666
1737	25	1.48	0.055999999999999994	0.8866666666666666
3312	25	1.76	0.054000000000000006	0.7733333333333334
2968	25	2.12	0.051	0.6733333333333333
3121	25	1.6	0.04666666666666666	0.78
2913	25	1.44	0.04	0.8333333333333333
1228	25	1.28	0.04	0.9066666666666666
3185	25	1.2	0.04	0.968
3478	25	1.68	0.04	0.8283333333333333
2160	25	1.28	0.04	0.93
539	25	1.48	0.04	0.8233333333333333
698	25	1.68	0.032	0.8033333333333332
3235	25	1.64	0.032	0.7966666666666665
1063	25	1.36	0.026666666666666665	0.8533333333333334
3246	25	1.36	0.026666666666666665	0.88
807	25	1.24	0.026666666666666665	0.9
3437	25	1.28	0.026666666666666665	0.8933333333333333
3124	25	1.56	0.022222222222222223	0.8766666666666667
3132	25	1.4	0.02	0.8833333333333333
3068	25	1.68	0.02	0.7546666666666667
1898	25	1.56	0.016	0.8133333333333332
1086	25	1.4	0.016	0.85
3863	25	1.96	0.01	0.7703809523809524
846	25	1.44	0.0	0.86
3837	25	1.24	0.0	0.91
2334	25	1.72	0.0	0.7957142857142856
3087	25	1.36	0.0	0.8813333333333333
2209	25	1.24	0.0	0.8933333333333333
1689	25	1.6	0.0	0.8316666666666666
89	25	1.64	0.0	0.8566666666666666
1670	25	1.44	0.0	0.8366666666666666
