latent	n_fire_proteins	best_term	aspect	enrichment	support	p_given_fire	p_baseline	null_mean	null_p95	perm_p
1063	260	GO:0004497	F	10.15384578704834	50	0.16923077404499054	0.01666666753590107	2.6924819946289062	3.227163553237915	0.0196078431372549
1021	338	GO:0015370	F	8.043639183044434	32	0.08579881489276886	0.01066666655242443	2.386955499649048	2.789518117904663	0.0196078431372549
2334	271	GO:0004497	F	7.749076843261719	50	0.12915128469467163	0.01666666753590107	2.674764633178711	3.1918139457702637	0.0196078431372549
3235	244	GO:0015370	F	7.684426307678223	32	0.08196721225976944	0.01066666655242443	2.730031728744507	3.278688430786133	0.0196078431372549
3191	284	GO:0004672	F	7.50555944442749	38	0.09507042169570923	0.012666666880249977	2.678926706314087	3.4700136184692383	0.0196078431372549
3185	244	GO:0004930	F	7.250945568084717	39	0.09426229447126389	0.013000000268220901	2.7800230979919434	3.278688430786133	0.0196078431372549
3837	344	GO:0015370	F	6.813226699829102	32	0.07267441600561142	0.01066666655242443	2.425506114959717	2.7736425399780273	0.0196078431372549
3198	325	GO:0004672	F	6.801619052886963	38	0.08615384250879288	0.012666666880249977	2.4978175163269043	2.943211555480957	0.0196078431372549
3312	250	GO:0004672	F	6.6315789222717285	38	0.08399999886751175	0.012666666880249977	2.820986747741699	3.4161288738250732	0.0196078431372549
1737	261	GO:0004672	F	6.352087497711182	38	0.08045977354049683	0.012666666880249977	2.6403634548187256	3.065134048461914	0.0196078431372549
1670	264	GO:0004672	F	6.279903888702393	38	0.07954545319080353	0.012666666880249977	2.6222803592681885	3.0303032398223877	0.0196078431372549
1042	254	GO:0004672	F	6.216328144073486	38	0.07874015718698502	0.012666666880249977	2.713179349899292	3.2539968490600586	0.0196078431372549
635	290	GO:0004497	F	6.2068963050842285	50	0.1034482792019844	0.01666666753590107	2.468205451965332	2.9430203437805176	0.0196078431372549
2968	374	GO:0004672	F	6.12158727645874	38	0.07754010707139969	0.012666666880249977	2.282989025115967	2.712496280670166	0.0196078431372549
2209	310	GO:0004672	F	6.112054347991943	38	0.07741935551166534	0.012666666880249977	2.545079231262207	3.077848434448242	0.0196078431372549
1689	248	GO:0004672	F	6.048387050628662	38	0.07661290466785431	0.012666666880249977	2.815946340560913	3.5119667053222656	0.0196078431372549
4049	263	GO:0004672	F	6.003602027893066	38	0.07604562491178513	0.012666666880249977	2.6907031536102295	3.1644270420074463	0.0196078431372549
2140	315	GO:0140657	F	5.952381134033203	32	0.0634920671582222	0.01066666655242443	2.455049514770508	2.857142925262451	0.0196078431372549
92	252	GO:0004672	F	5.952381134033203	38	0.075396828353405	0.012666666880249977	2.8256783485412598	3.5399160385131836	0.0196078431372549
3124	241	GO:0006650	P	5.912863254547119	40	0.07883817702531815	0.013333333656191826	2.756814956665039	3.4046823978424072	0.0196078431372549
3132	255	GO:0140657	F	5.88235330581665	32	0.062745101749897	0.01066666655242443	2.753000497817993	3.3675286769866943	0.0196078431372549
3007	420	GO:0015370	F	5.803571701049805	32	0.06190476194024086	0.01066666655242443	2.281336784362793	2.764976978302002	0.0196078431372549
2160	277	GO:0140657	F	5.753610134124756	32	0.06137184053659439	0.01066666655242443	2.6708550453186035	3.2359256744384766	0.0196078431372549
1988	275	GO:0004672	F	5.741626739501953	38	0.072727270424366	0.012666666880249977	2.6372835636138916	3.105571746826172	0.0196078431372549
3437	270	GO:0004672	F	5.55555534362793	38	0.07037036865949631	0.012666666880249977	2.634842872619629	3.0180180072784424	0.0196078431372549
539	296	GO:0140657	F	5.38429069519043	32	0.05743243172764778	0.01066666655242443	2.6145617961883545	3.1855661869049072	0.0196078431372549
3068	322	GO:0004930	F	5.255613803863525	39	0.06832297891378403	0.013000000268220901	2.467705011367798	2.871788501739502	0.0196078431372549
637	301	GO:0004672	F	5.24567174911499	38	0.06644517928361893	0.012666666880249977	2.525676727294922	2.8729121685028076	0.0196078431372549
1164	253	GO:0004930	F	5.1687445640563965	39	0.06719367951154709	0.013000000268220901	2.7051780223846436	3.1267590522766113	0.0196078431372549
3478	222	GO:0140657	F	5.067567825317383	32	0.054054055362939835	0.01066666655242443	2.866744041442871	3.37837815284729	0.0196078431372549
395	487	GO:0004672	F	5.025397300720215	38	0.06365503370761871	0.012666666880249977	2.1072657108306885	2.5037331581115723	0.0196078431372549
1248	284	GO:0015370	F	4.951584339141846	32	0.05281690135598183	0.01066666655242443	2.601593255996704	3.088836669921875	0.0196078431372549
3087	294	GO:0004672	F	4.833512306213379	38	0.06122449040412903	0.012666666880249977	2.616640329360962	3.2916393280029297	0.0196078431372549
3121	271	GO:0042578	F	4.787075042724609	37	0.05904059112071991	0.012333333492279053	2.6303184032440186	3.144641160964966	0.0196078431372549
102	241	GO:0016747	F	4.759580135345459	34	0.05394190922379494	0.01133333332836628	2.841111183166504	3.50164794921875	0.0196078431372549
2019	263	GO:0140657	F	4.634030342102051	32	0.04942965880036354	0.01066666655242443	2.5784060955047607	2.94370174407959	0.0196078431372549
1344	220	GO:0046873	F	4.462810039520264	55	0.08181817829608917	0.018333332613110542	2.923494577407837	3.4695746898651123	0.0196078431372549
3246	318	GO:0015081	F	4.3541364669799805	39	0.056603774428367615	0.013000000268220901	2.5114736557006836	3.0481367111206055	0.0196078431372549
1673	295	GO:0016829	F	4.314329624176025	33	0.047457627952098846	0.010999999940395355	2.535630702972412	3.0508475303649902	0.0196078431372549
3863	350	GO:0004672	F	4.285714149475098	38	0.05428571254014969	0.012666666880249977	2.4156076908111572	2.902040719985962	0.0196078431372549
1228	284	GO:0042578	F	4.282451629638672	37	0.05281690135598183	0.012333333492279053	2.6223254203796387	3.141052007675171	0.0196078431372549
2913	313	GO:0098852	C	4.153354644775391	30	0.04153354465961456	0.009999999776482582	2.498706340789795	3.0125482082366943	0.0196078431372549
846	307	GO:0006650	P	4.153094291687012	40	0.055374592542648315	0.013333333656191826	2.4989848136901855	2.931596279144287	0.0196078431372549
698	374	GO:1901605	P	4.010695457458496	54	0.07219251245260239	0.017999999225139618	2.341379404067993	2.824519157409668	0.0196078431372549
1086	398	GO:0140657	F	4.004396915435791	32	0.04271356761455536	0.01066666655242443	2.295853614807129	2.699307441711426	0.0196078431372549
807	303	GO:0042578	F	3.7463204860687256	37	0.046204619109630585	0.012333333492279053	2.4435300827026367	2.9271798133850098	0.0196078431372549
3577	481	GO:0043603	P	3.742203712463379	35	0.043659042567014694	0.011666666716337204	2.119110345840454	2.494802474975586	0.0196078431372549
1898	261	GO:0140657	F	3.591953992843628	32	0.038314174860715866	0.01066666655242443	2.6563215255737305	3.093306064605713	0.0196078431372549
783	258	GO:0004930	F	3.577817440032959	39	0.04651162773370743	0.013000000268220901	2.7206618785858154	3.2035470008850098	0.0392156862745098
89	280	GO:0032940	P	3.456221342086792	31	0.0357142873108387	0.010333333164453506	2.684995174407959	3.2142858505249023	0.0196078431372549
